B_Australian-3.DG	Australian	OCN
B_Australian-4.DG	Australian	OCN
B_Crete-1.DG	Crete	WER
B_Crete-2.DG	Crete	WER
B_Dai-4.DG	Dai	EAS
B_Dinka-3.DG	Dinka	AFR
B_French-3.DG	French	WER
B_Han-3.DG	Han	EAS
B_Ju_hoan_North-4.DG	Ju_hoan_North	AFR
B_Karitiana-3.DG	Karitiana	AMR
B_Mandenka-3.DG	Mandenka	AFR
B_Mbuti-4.DG	Mbuti	AFR
B_Mixe-1.DG	Mixe	AMR
B_Papuan-15.DG	Papuan	OCN
B_Sardinian-3.DG	Sardinian	WER
B_Yoruba-3.DG	Yoruba	AFR
S_Abkhasian-1.DG	Abkhasian	WER
S_Abkhasian-2.DG	Abkhasian	WER
S_Adygei-1.DG	Adygei	WER
S_Adygei-2.DG	Adygei	WER
S_Albanian-1.DG	Albanian	WER
S_Aleut-1.DG	Aleut	CAS
S_Aleut-2.DG	Aleut	CAS
S_Altaian-1.DG	Altaian	CAS
S_Ami-1.DG	Ami	EAS
S_Ami-2.DG	Ami	EAS
S_Armenian-1.DG	Armenian	WER
S_Armenian-2.DG	Armenian	WER
S_Atayal-1.DG	Atayal	EAS
S_Balochi-1.DG	Balochi	SAS
S_Balochi-2.DG	Balochi	SAS
S_BantuHerero-1.DG	BantuHerero	AFR
S_BantuHerero-2.DG	BantuHerero	AFR
S_BantuKenya-1.DG	BantuKenya	AFR
S_BantuKenya-2.DG	BantuKenya	AFR
S_BantuTswana-1.DG	BantuTswana	AFR
S_BantuTswana-2.DG	BantuTswana	AFR
S_Basque-1.DG	Basque	WER
S_Basque-2.DG	Basque	WER
S_BedouinB-1.DG	BedouinB	WER
S_BedouinB-2.DG	BedouinB	WER
S_Bengali-1.DG	Bengali	SAS
S_Bengali-2.DG	Bengali	SAS
S_Bergamo-1.DG	Bergamo	WER
S_Bergamo-2.DG	Bergamo	WER
S_Biaka-1.DG	Biaka	AFR
S_Biaka-2.DG	Biaka	AFR
S_Bougainville-1.DG	Bougainville	OCN
S_Bougainville-2.DG	Bougainville	OCN
S_Brahmin-1.DG	Brahmin	SAS
S_Brahmin-2.DG	Brahmin	SAS
S_Brahui-1.DG	Brahui	SAS
S_Brahui-2.DG	Brahui	SAS
S_Bulgarian-1.DG	Bulgarian	WER
S_Bulgarian-2.DG	Bulgarian	WER
S_Burmese-1.DG	Burmese	EAS
S_Burmese-2.DG	Burmese	EAS
S_Burusho-1.DG	Burusho	SAS
S_Burusho-2.DG	Burusho	SAS
S_Cambodian-1.DG	Cambodian	EAS
S_Cambodian-2.DG	Cambodian	EAS
S_Chane-1.DG	Chane	AMR
S_Chechen-1.DG	Chechen	WER
S_Chukchi-1.DG	Chukchi	CAS
S_Czech-2.DG	Czech	WER
S_Dai-1.DG	Dai	EAS
S_Dai-2.DG	Dai	EAS
S_Dai-3.DG	Dai	EAS
S_Daur-2.DG	Daur	EAS
S_Dinka-1.DG	Dinka	AFR
S_Dinka-2.DG	Dinka	AFR
S_Druze-1.DG	Druze	WER
S_Druze-2.DG	Druze	WER
S_Dusun-1.DG	Dusun	OCN
S_Dusun-2.DG	Dusun	OCN
S_English-1.DG	English	WER
S_English-2.DG	English	WER
S_Esan-1.DG	Esan	AFR
S_Esan-2.DG	Esan	AFR
S_Eskimo_Chaplin-1.DG	Eskimo_Chaplin	CAS
S_Eskimo_Naukan-1.DG	Eskimo_Naukan	CAS
S_Eskimo_Naukan-2.DG	Eskimo_Naukan	CAS
S_Eskimo_Sireniki-1.DG	Eskimo_Sireniki	CAS
S_Eskimo_Sireniki-2.DG	Eskimo_Sireniki	CAS
S_Estonian-1.DG	Estonian	WER
S_Estonian-2.DG	Estonian	WER
S_Even-1.DG	Even	CAS
S_Even-2.DG	Even	CAS
S_Even-3.DG	Even	CAS
S_Finnish-1.DG	Finnish	WER
S_Finnish-2.DG	Finnish	WER
S_Finnish-3.DG	Finnish	WER
S_French-1.DG	French	WER
S_French-2.DG	French	WER
S_Gambian-1.DG	Gambian	AFR
S_Gambian-2.DG	Gambian	AFR
S_Georgian-1.DG	Georgian	WER
S_Georgian-2.DG	Georgian	WER
S_Greek-1.DG	Greek	WER
S_Greek-2.DG	Greek	WER
S_Han-1.DG	Han	EAS
S_Han-2.DG	Han	EAS
S_Hawaiian-1.DG	Hawaiian	OCN
S_Hazara-1.DG	Hazara	SAS
S_Hazara-2.DG	Hazara	SAS
S_Hezhen-1.DG	Hezhen	EAS
S_Hezhen-2.DG	Hezhen	EAS
S_Hungarian-1.DG	Hungarian	WER
S_Hungarian-2.DG	Hungarian	WER
S_Icelandic-1.DG	Icelandic	WER
S_Icelandic-2.DG	Icelandic	WER
S_Igorot-1.DG	Igorot	OCN
S_Igorot-2.DG	Igorot	OCN
S_Iranian-1.DG	Iranian	WER
S_Iranian-2.DG	Iranian	WER
S_Iraqi_Jew-1.DG	Iraqi_Jew	WER
S_Iraqi_Jew-2.DG	Iraqi_Jew	WER
S_Irula-1.DG	Irula	SAS
S_Irula-2.DG	Irula	SAS
S_Itelman-1.DG	Itelman	CAS
S_Japanese-1.DG	Japanese	EAS
S_Japanese-2.DG	Japanese	EAS
S_Japanese-3.DG	Japanese	EAS
S_Jordanian-1.DG	Jordanian	WER
S_Jordanian-2.DG	Jordanian	WER
S_Jordanian-3.DG	Jordanian	WER
S_Ju_hoan_North-1.DG	Ju_hoan_North	AFR
S_Ju_hoan_North-2.DG	Ju_hoan_North	AFR
S_Ju_hoan_North-3.DG	Ju_hoan_North	AFR
S_Kalash-1.DG	Kalash	SAS
S_Kalash-2.DG	Kalash	SAS
S_Kapu-1.DG	Kapu	SAS
S_Kapu-2.DG	Kapu	SAS
S_Karitiana-1.DG	Karitiana	AMR
S_Karitiana-2.DG	Karitiana	AMR
S_Khomani_San-1.DG	Khomani_San	AFR
S_Khomani_San-2.DG	Khomani_San	AFR
S_Khonda_Dora-1.DG	Khonda_Dora	SAS
S_Kinh-1.DG	Kinh	EAS
S_Kinh-2.DG	Kinh	EAS
S_Korean-1.DG	Korean	EAS
S_Korean-2.DG	Korean	EAS
S_Kusunda-1.DG	Kusunda	SAS
S_Kusunda-2.DG	Kusunda	SAS
S_Kyrgyz-1.DG	Kyrgyz	CAS
S_Kyrgyz-2.DG	Kyrgyz	CAS
S_Lahu-1.DG	Lahu	EAS
S_Lahu-2.DG	Lahu	EAS
S_Lezgin-1.DG	Lezgin	WER
S_Lezgin-2.DG	Lezgin	WER
S_Luhya-1.DG	Luhya	AFR
S_Luhya-2.DG	Luhya	AFR
S_Luo-1.DG	Luo	AFR
S_Luo-2.DG	Luo	AFR
S_Madiga-1.DG	Madiga	SAS
S_Madiga-2.DG	Madiga	SAS
S_Makrani-1.DG	Makrani	SAS
S_Makrani-2.DG	Makrani	SAS
S_Mala-2.DG	Mala	SAS
S_Mala-3.DG	Mala	SAS
S_Mandenka-1.DG	Mandenka	AFR
S_Mandenka-2.DG	Mandenka	AFR
S_Mansi-1.DG	Mansi	CAS
S_Mansi-2.DG	Mansi	CAS
S_Maori-1.DG	Maori	OCN
S_Masai-1.DG	Masai	AFR
S_Masai-2.DG	Masai	AFR
S_Mayan-1.DG	Mayan	AMR
S_Mayan-2.DG	Mayan	AMR
S_Mbuti-1.DG	Mbuti	AFR
S_Mbuti-2.DG	Mbuti	AFR
S_Mbuti-3.DG	Mbuti	AFR
S_Mende-1.DG	Mende	AFR
S_Mende-2.DG	Mende	AFR
S_Miao-1.DG	Miao	EAS
S_Miao-2.DG	Miao	EAS
S_Mixe-2.DG	Mixe	AMR
S_Mixe-3.DG	Mixe	AMR
S_Mixtec-1.DG	Mixtec	AMR
S_Mixtec-2.DG	Mixtec	AMR
S_Mongola-1.DG	Mongola	CAS
S_Mongola-2.DG	Mongola	CAS
S_Mozabite-1.DG	Mozabite	AFR
S_Mozabite-2.DG	Mozabite	AFR
S_Naxi-1.DG	Naxi	EAS
S_Naxi-3.DG	Naxi	EAS
S_North_Ossetian-1.DG	North_Ossetian	WER
S_North_Ossetian-2.DG	North_Ossetian	WER
S_Norwegian-1.DG	Norwegian	WER
S_Orcadian-1.DG	Orcadian	WER
S_Orcadian-2.DG	Orcadian	WER
S_Oroqen-1.DG	Oroqen	EAS
S_Oroqen-2.DG	Oroqen	EAS
S_Palestinian-1.DG	Palestinian	WER
S_Palestinian-2.DG	Palestinian	WER
S_Palestinian-3.DG	Palestinian	WER
S_Papuan-10.DG	Papuan	OCN
S_Papuan-11.DG	Papuan	OCN
S_Papuan-12.DG	Papuan	OCN
S_Papuan-13.DG	Papuan	OCN
S_Papuan-14.DG	Papuan	OCN
S_Papuan-1.DG	Papuan	OCN
S_Papuan-2.DG	Papuan	OCN
S_Papuan-3.DG	Papuan	OCN
S_Papuan-4.DG	Papuan	OCN
S_Papuan-5.DG	Papuan	OCN
S_Papuan-6.DG	Papuan	OCN
S_Papuan-7.DG	Papuan	OCN
S_Papuan-8.DG	Papuan	OCN
S_Papuan-9.DG	Papuan	OCN
S_Pathan-1.DG	Pathan	SAS
S_Pathan-2.DG	Pathan	SAS
S_Piapoco-1.DG	Piapoco	AMR
S_Piapoco-2.DG	Piapoco	AMR
S_Pima-1.DG	Pima	AMR
S_Pima-2.DG	Pima	AMR
S_Polish-1.DG	Polish	WER
S_Punjabi-1.DG	Punjabi	SAS
S_Punjabi-2.DG	Punjabi	SAS
S_Punjabi-3.DG	Punjabi	SAS
S_Punjabi-4.DG	Punjabi	SAS
S_Quechua-1.DG	Quechua	AMR
S_Quechua-2.DG	Quechua	AMR
S_Quechua-3.DG	Quechua	AMR
S_Relli-1.DG	Relli	SAS
S_Relli-2.DG	Relli	SAS
S_Russian-1.DG	Russian	WER
S_Russian-2.DG	Russian	WER
S_Saami-1.DG	Saami	WER
S_Saami-2.DG	Saami	WER
S_Saharawi-1.DG	Saharawi	AFR
S_Saharawi-2.DG	Saharawi	AFR
S_Samaritan-1.DG	Samaritan	WER
S_Sardinian-1.DG	Sardinian	WER
S_Sardinian-2.DG	Sardinian	WER
S_She-1.DG	She	EAS
S_She-2.DG	She	EAS
S_Sindhi-1.DG	Sindhi	SAS
S_Sindhi-2.DG	Sindhi	SAS
S_Somali-1.DG	Somali	AFR
S_Spanish-1.DG	Spanish	WER
S_Spanish-2.DG	Spanish	WER
S_Surui-1.DG	Surui	AMR
S_Surui-2.DG	Surui	AMR
S_Tajik-1.DG	Tajik	WER
S_Tajik-2.DG	Tajik	WER
S_Thai-1.DG	Thai	EAS
S_Thai-2.DG	Thai	EAS
S_Tlingit-1.DG	Tlingit	CAS
S_Tlingit-2.DG	Tlingit	CAS
S_Tu-1.DG	Tu	EAS
S_Tu-2.DG	Tu	EAS
S_Tubalar-1.DG	Tubalar	CAS
S_Tubalar-2.DG	Tubalar	CAS
S_Tujia-1.DG	Tujia	EAS
S_Tujia-2.DG	Tujia	EAS
S_Turkish-1.DG	Turkish	WER
S_Turkish-2.DG	Turkish	WER
S_Tuscan-1.DG	Tuscan	WER
S_Tuscan-2.DG	Tuscan	WER
S_Ulchi-1.DG	Ulchi	CAS
S_Ulchi-2.DG	Ulchi	CAS
S_Uygur-1.DG	Uygur	EAS
S_Uygur-2.DG	Uygur	EAS
S_Xibo-1.DG	Xibo	EAS
S_Xibo-2.DG	Xibo	EAS
S_Yadava-1.DG	Yadava	SAS
S_Yadava-2.DG	Yadava	SAS
S_Yakut-1.DG	Yakut	CAS
S_Yakut-2.DG	Yakut	CAS
S_Yemenite_Jew-1.DG	Yemenite_Jew	WER
S_Yemenite_Jew-2.DG	Yemenite_Jew	WER
S_Yi-1.DG	Yi	EAS
S_Yi-2.DG	Yi	EAS
S_Yoruba-1.DG	Yoruba	AFR
S_Yoruba-2.DG	Yoruba	AFR
S_Zapotec-1.DG	Zapotec	AMR
S_Zapotec-2.DG	Zapotec	AMR
